{"cameraMode":{"drawMode":0,"name":"Shaded","section":"Shading Mode"},"sceneLighting":true,"audioPlay":false,"sceneViewState":{"m_AlwaysRefresh":false,"showFog":true,"showSkybox":true,"showFlares":true,"showImageEffects":true,"showParticleSystems":true,"showVisualEffectGraphs":true,"m_FxEnabled":true},"in2DMode":false,"pivot":{"x":1.2258555889129639,"y":-27.465362548828126,"z":6.478155136108398},"rotation":{"x":-0.5966468453407288,"y":-0.00046635541366413236,"z":0.0003587881219573319,"w":-0.8025181889533997},"size":25.19866371154785,"orthographic":false}