{"cameraMode":{"drawMode":0,"name":"Shaded","section":"Shading Mode"},"sceneLighting":false,"audioPlay":false,"sceneViewState":{"m_AlwaysRefresh":false,"showFog":true,"showSkybox":false,"showFlares":true,"showImageEffects":true,"showParticleSystems":true,"showVisualEffectGraphs":true,"m_FxEnabled":true},"in2DMode":false,"pivot":{"x":0.46079325675964358,"y":0.44012993574142458,"z":-5.144100666046143},"rotation":{"x":0.6840356588363648,"y":-0.00657315319404006,"z":0.006154762115329504,"w":0.7294076681137085},"size":2.3183133602142336,"orthographic":false}