{"cameraMode":{"drawMode":0,"name":"Shaded","section":"Shading Mode"},"sceneLighting":false,"audioPlay":false,"sceneViewState":{"m_AlwaysRefresh":false,"showFog":true,"showSkybox":false,"showFlares":true,"showImageEffects":true,"showParticleSystems":true,"showVisualEffectGraphs":true,"m_FxEnabled":true},"in2DMode":false,"pivot":{"x":0.048681244254112247,"y":0.4582487940788269,"z":0.1279403567314148},"rotation":{"x":0.6840356588363648,"y":-0.00657315319404006,"z":0.006154762115329504,"w":0.7294076681137085},"size":2.061704397201538,"orthographic":false}